1.1จงประเมินคุณภาพของคำถามและผลเฉลยที่ AI ตัวนี้สร้าง จากรูป [ความถูกต้องของคำตอบ],1.1จงประเมินคุณภาพของคำถามและผลเฉลยที่ AI ตัวนี้สร้าง จากรูป [ความถูกต้องของคำถาม],1.1จงประเมินคุณภาพของคำถามและผลเฉลยที่ AI ตัวนี้สร้าง จากรูป [ความสร้างสรรค์ของคำตอบ],1.1จงประเมินคุณภาพของคำถามและผลเฉลยที่ AI ตัวนี้สร้าง จากรูป [ความสร้างสรรค์ของคำถาม],1.2จงประเมินคุณภาพของคำถามและผลเฉลยที่ AI ตัวนี้สร้าง จากรูป [ความถูกต้องของคำตอบ],1.2จงประเมินคุณภาพของคำถามและผลเฉลยที่ AI ตัวนี้สร้าง จากรูป [ความถูกต้องของคำถาม],1.2จงประเมินคุณภาพของคำถามและผลเฉลยที่ AI ตัวนี้สร้าง จากรูป [ความสร้างสรรค์ของคำตอบ],1.2จงประเมินคุณภาพของคำถามและผลเฉลยที่ AI ตัวนี้สร้าง จากรูป [ความสร้างสรรค์ของคำถาม],1.3 จงประเมินคุณภาพของคำถามและผลเฉลยที่ AI ตัวนี้สร้าง จากรูป [ความถูกต้องของคำตอบ],1.3 จงประเมินคุณภาพของคำถามและผลเฉลยที่ AI ตัวนี้สร้าง จากรูป [ความถูกต้องของคำถาม],1.3 จงประเมินคุณภาพของคำถามและผลเฉลยที่ AI ตัวนี้สร้าง จากรูป [ความสร้างสรรค์ของคำตอบ],1.3 จงประเมินคุณภาพของคำถามและผลเฉลยที่ AI ตัวนี้สร้าง จากรูป [ความสร้างสรรค์ของคำถาม],1.4 จงประเมินคุณภาพของคำถามและผลเฉลยที่ AI ตัวนี้สร้าง จากรูป [ความถูกต้องของคำตอบ],1.4 จงประเมินคุณภาพของคำถามและผลเฉลยที่ AI ตัวนี้สร้าง จากรูป [ความถูกต้องของคำถาม],1.4 จงประเมินคุณภาพของคำถามและผลเฉลยที่ AI ตัวนี้สร้าง จากรูป [ความสร้างสรรค์ของคำตอบ],1.4 จงประเมินคุณภาพของคำถามและผลเฉลยที่ AI ตัวนี้สร้าง จากรูป [ความสร้างสรรค์ของคำถาม],2.1 จงประเมินคุณภาพของคำถามและผลเฉลยที่ AI ตัวนี้สร้าง จากรูป [ความถูกต้องของคำตอบ],2.1 จงประเมินคุณภาพของคำถามและผลเฉลยที่ AI ตัวนี้สร้าง จากรูป [ความถูกต้องของคำถาม],2.1 จงประเมินคุณภาพของคำถามและผลเฉลยที่ AI ตัวนี้สร้าง จากรูป [ความสร้างสรรค์ของคำตอบ],2.1 จงประเมินคุณภาพของคำถามและผลเฉลยที่ AI ตัวนี้สร้าง จากรูป [ความสร้างสรรค์ของคำถาม],2.2  จงประเมินคุณภาพของคำถามและผลเฉลยที่ AI ตัวนี้สร้าง จากรูป [ความถูกต้องของคำตอบ],2.2  จงประเมินคุณภาพของคำถามและผลเฉลยที่ AI ตัวนี้สร้าง จากรูป [ความถูกต้องของคำถาม],2.2  จงประเมินคุณภาพของคำถามและผลเฉลยที่ AI ตัวนี้สร้าง จากรูป [ความสร้างสรรค์ของคำตอบ],2.2  จงประเมินคุณภาพของคำถามและผลเฉลยที่ AI ตัวนี้สร้าง จากรูป [ความสร้างสรรค์ของคำถาม],2.3 จงประเมินคุณภาพของคำถามและผลเฉลยที่ AI ตัวนี้สร้าง จากรูป [ความถูกต้องของคำตอบ],2.3 จงประเมินคุณภาพของคำถามและผลเฉลยที่ AI ตัวนี้สร้าง จากรูป [ความถูกต้องของคำถาม],2.3 จงประเมินคุณภาพของคำถามและผลเฉลยที่ AI ตัวนี้สร้าง จากรูป [ความสร้างสรรค์ของคำตอบ],2.3 จงประเมินคุณภาพของคำถามและผลเฉลยที่ AI ตัวนี้สร้าง จากรูป [ความสร้างสรรค์ของคำถาม],2.4. จงประเมินคุณภาพของคำถามและผลเฉลยที่ AI ตัวนี้สร้าง จากรูป [ความถูกต้องของคำตอบ],2.4. จงประเมินคุณภาพของคำถามและผลเฉลยที่ AI ตัวนี้สร้าง จากรูป [ความถูกต้องของคำถาม],2.4. จงประเมินคุณภาพของคำถามและผลเฉลยที่ AI ตัวนี้สร้าง จากรูป [ความสร้างสรรค์ของคำตอบ],2.4. จงประเมินคุณภาพของคำถามและผลเฉลยที่ AI ตัวนี้สร้าง จากรูป [ความสร้างสรรค์ของคำถาม],3.1 จงประเมินคุณภาพของคำถามและผลเฉลยที่ AI ตัวนี้สร้าง จากรูป [ความถูกต้องของคำตอบ],3.1 จงประเมินคุณภาพของคำถามและผลเฉลยที่ AI ตัวนี้สร้าง จากรูป [ความถูกต้องของคำถาม],3.1 จงประเมินคุณภาพของคำถามและผลเฉลยที่ AI ตัวนี้สร้าง จากรูป [ความสร้างสรรค์ของคำตอบ],3.1 จงประเมินคุณภาพของคำถามและผลเฉลยที่ AI ตัวนี้สร้าง จากรูป [ความสร้างสรรค์ของคำถาม],3.2 จงประเมินคุณภาพของคำถามและผลเฉลยที่ AI ตัวนี้สร้าง จากรูป [ความถูกต้องของคำตอบ],3.2 จงประเมินคุณภาพของคำถามและผลเฉลยที่ AI ตัวนี้สร้าง จากรูป [ความถูกต้องของคำถาม],3.2 จงประเมินคุณภาพของคำถามและผลเฉลยที่ AI ตัวนี้สร้าง จากรูป [ความสร้างสรรค์ของคำตอบ],3.2 จงประเมินคุณภาพของคำถามและผลเฉลยที่ AI ตัวนี้สร้าง จากรูป [ความสร้างสรรค์ของคำถาม],3.3  จงประเมินคุณภาพของคำถามและผลเฉลยที่ AI ตัวนี้สร้าง จากรูป [ความถูกต้องของคำตอบ],3.3  จงประเมินคุณภาพของคำถามและผลเฉลยที่ AI ตัวนี้สร้าง จากรูป [ความถูกต้องของคำถาม],3.3  จงประเมินคุณภาพของคำถามและผลเฉลยที่ AI ตัวนี้สร้าง จากรูป [ความสร้างสรรค์ของคำตอบ],3.3  จงประเมินคุณภาพของคำถามและผลเฉลยที่ AI ตัวนี้สร้าง จากรูป [ความสร้างสรรค์ของคำถาม],3.4 จงประเมินคุณภาพของคำถามและผลเฉลยที่ AI ตัวนี้สร้าง จากรูป [ความถูกต้องของคำตอบ],3.4 จงประเมินคุณภาพของคำถามและผลเฉลยที่ AI ตัวนี้สร้าง จากรูป [ความถูกต้องของคำถาม],3.4 จงประเมินคุณภาพของคำถามและผลเฉลยที่ AI ตัวนี้สร้าง จากรูป [ความสร้างสรรค์ของคำตอบ],3.4 จงประเมินคุณภาพของคำถามและผลเฉลยที่ AI ตัวนี้สร้าง จากรูป [ความสร้างสรรค์ของคำถาม],4.1 จงประเมินคุณภาพของคำถามและผลเฉลยที่ AI ตัวนี้สร้าง จากรูป [ความถูกต้องของคำตอบ],4.1 จงประเมินคุณภาพของคำถามและผลเฉลยที่ AI ตัวนี้สร้าง จากรูป [ความถูกต้องของคำถาม],4.1 จงประเมินคุณภาพของคำถามและผลเฉลยที่ AI ตัวนี้สร้าง จากรูป [ความสร้างสรรค์ของคำตอบ],4.1 จงประเมินคุณภาพของคำถามและผลเฉลยที่ AI ตัวนี้สร้าง จากรูป [ความสร้างสรรค์ของคำถาม],4.2 จงประเมินคุณภาพของคำถามและผลเฉลยที่ AI ตัวนี้สร้าง จากรูป [ความถูกต้องของคำตอบ],4.2 จงประเมินคุณภาพของคำถามและผลเฉลยที่ AI ตัวนี้สร้าง จากรูป [ความถูกต้องของคำถาม],4.2 จงประเมินคุณภาพของคำถามและผลเฉลยที่ AI ตัวนี้สร้าง จากรูป [ความสร้างสรรค์ของคำตอบ],4.2 จงประเมินคุณภาพของคำถามและผลเฉลยที่ AI ตัวนี้สร้าง จากรูป [ความสร้างสรรค์ของคำถาม],4.3 จงประเมินคุณภาพของคำถามและผลเฉลยที่ AI ตัวนี้สร้าง จากรูป [ความถูกต้องของคำตอบ],4.3 จงประเมินคุณภาพของคำถามและผลเฉลยที่ AI ตัวนี้สร้าง จากรูป [ความถูกต้องของคำถาม],4.3 จงประเมินคุณภาพของคำถามและผลเฉลยที่ AI ตัวนี้สร้าง จากรูป [ความสร้างสรรค์ของคำตอบ],4.3 จงประเมินคุณภาพของคำถามและผลเฉลยที่ AI ตัวนี้สร้าง จากรูป [ความสร้างสรรค์ของคำถาม],4.4  จงประเมินคุณภาพของคำถามและผลเฉลยที่ AI ตัวนี้สร้าง จากรูป [ความถูกต้องของคำตอบ],4.4  จงประเมินคุณภาพของคำถามและผลเฉลยที่ AI ตัวนี้สร้าง จากรูป [ความถูกต้องของคำถาม],4.4  จงประเมินคุณภาพของคำถามและผลเฉลยที่ AI ตัวนี้สร้าง จากรูป [ความสร้างสรรค์ของคำตอบ],4.4  จงประเมินคุณภาพของคำถามและผลเฉลยที่ AI ตัวนี้สร้าง จากรูป [ความสร้างสรรค์ของคำถาม],4.5  จงประเมินคุณภาพของคำถามและผลเฉลยที่ AI ตัวนี้สร้าง จากรูป [ความถูกต้องของคำตอบ],4.5  จงประเมินคุณภาพของคำถามและผลเฉลยที่ AI ตัวนี้สร้าง จากรูป [ความถูกต้องของคำถาม],4.5  จงประเมินคุณภาพของคำถามและผลเฉลยที่ AI ตัวนี้สร้าง จากรูป [ความสร้างสรรค์ของคำตอบ],4.5  จงประเมินคุณภาพของคำถามและผลเฉลยที่ AI ตัวนี้สร้าง จากรูป [ความสร้างสรรค์ของคำถาม],5.1 จงประเมินคุณภาพของคำถามและผลเฉลยที่ AI ตัวนี้สร้าง จากรูป [ความถูกต้องของคำตอบ],5.1 จงประเมินคุณภาพของคำถามและผลเฉลยที่ AI ตัวนี้สร้าง จากรูป [ความถูกต้องของคำถาม],5.1 จงประเมินคุณภาพของคำถามและผลเฉลยที่ AI ตัวนี้สร้าง จากรูป [ความสร้างสรรค์ของคำตอบ],5.1 จงประเมินคุณภาพของคำถามและผลเฉลยที่ AI ตัวนี้สร้าง จากรูป [ความสร้างสรรค์ของคำถาม],5.2 จงประเมินคุณภาพของคำถามและผลเฉลยที่ AI ตัวนี้สร้าง จากรูป [ความถูกต้องของคำตอบ],5.2 จงประเมินคุณภาพของคำถามและผลเฉลยที่ AI ตัวนี้สร้าง จากรูป [ความถูกต้องของคำถาม],5.2 จงประเมินคุณภาพของคำถามและผลเฉลยที่ AI ตัวนี้สร้าง จากรูป [ความสร้างสรรค์ของคำตอบ],5.2 จงประเมินคุณภาพของคำถามและผลเฉลยที่ AI ตัวนี้สร้าง จากรูป [ความสร้างสรรค์ของคำถาม],5.3 จงประเมินคุณภาพของคำถามและผลเฉลยที่ AI ตัวนี้สร้าง จากรูป [ความถูกต้องของคำตอบ],5.3 จงประเมินคุณภาพของคำถามและผลเฉลยที่ AI ตัวนี้สร้าง จากรูป [ความถูกต้องของคำถาม],5.3 จงประเมินคุณภาพของคำถามและผลเฉลยที่ AI ตัวนี้สร้าง จากรูป [ความสร้างสรรค์ของคำตอบ],5.3 จงประเมินคุณภาพของคำถามและผลเฉลยที่ AI ตัวนี้สร้าง จากรูป [ความสร้างสรรค์ของคำถาม],5.4 จงประเมินคุณภาพของคำถามและผลเฉลยที่ AI ตัวนี้สร้าง จากรูป [ความถูกต้องของคำตอบ],5.4 จงประเมินคุณภาพของคำถามและผลเฉลยที่ AI ตัวนี้สร้าง จากรูป [ความถูกต้องของคำถาม],5.4 จงประเมินคุณภาพของคำถามและผลเฉลยที่ AI ตัวนี้สร้าง จากรูป [ความสร้างสรรค์ของคำตอบ],5.4 จงประเมินคุณภาพของคำถามและผลเฉลยที่ AI ตัวนี้สร้าง จากรูป [ความสร้างสรรค์ของคำถาม],6.1 จงประเมินคุณภาพของคำถามและผลเฉลยที่ AI ตัวนี้สร้าง จากรูป [ความถูกต้องของคำตอบ],6.1 จงประเมินคุณภาพของคำถามและผลเฉลยที่ AI ตัวนี้สร้าง จากรูป [ความถูกต้องของคำถาม],6.1 จงประเมินคุณภาพของคำถามและผลเฉลยที่ AI ตัวนี้สร้าง จากรูป [ความสร้างสรรค์ของคำตอบ],6.1 จงประเมินคุณภาพของคำถามและผลเฉลยที่ AI ตัวนี้สร้าง จากรูป [ความสร้างสรรค์ของคำถาม],6.2 จงประเมินคุณภาพของคำถามและผลเฉลยที่ AI ตัวนี้สร้าง จากรูป [ความถูกต้องของคำตอบ],6.2 จงประเมินคุณภาพของคำถามและผลเฉลยที่ AI ตัวนี้สร้าง จากรูป [ความถูกต้องของคำถาม],6.2 จงประเมินคุณภาพของคำถามและผลเฉลยที่ AI ตัวนี้สร้าง จากรูป [ความสร้างสรรค์ของคำตอบ],6.2 จงประเมินคุณภาพของคำถามและผลเฉลยที่ AI ตัวนี้สร้าง จากรูป [ความสร้างสรรค์ของคำถาม],6.3 จงประเมินคุณภาพของคำถามและผลเฉลยที่ AI ตัวนี้สร้าง จากรูป [ความถูกต้องของคำตอบ],6.3 จงประเมินคุณภาพของคำถามและผลเฉลยที่ AI ตัวนี้สร้าง จากรูป [ความถูกต้องของคำถาม],6.3 จงประเมินคุณภาพของคำถามและผลเฉลยที่ AI ตัวนี้สร้าง จากรูป [ความสร้างสรรค์ของคำตอบ],6.3 จงประเมินคุณภาพของคำถามและผลเฉลยที่ AI ตัวนี้สร้าง จากรูป [ความสร้างสรรค์ของคำถาม],6.4 จงประเมินคุณภาพของคำถามและผลเฉลยที่ AI ตัวนี้สร้าง จากรูป [ความถูกต้องของคำตอบ],6.4 จงประเมินคุณภาพของคำถามและผลเฉลยที่ AI ตัวนี้สร้าง จากรูป [ความถูกต้องของคำถาม],6.4 จงประเมินคุณภาพของคำถามและผลเฉลยที่ AI ตัวนี้สร้าง จากรูป [ความสร้างสรรค์ของคำตอบ],6.4 จงประเมินคุณภาพของคำถามและผลเฉลยที่ AI ตัวนี้สร้าง จากรูป [ความสร้างสรรค์ของคำถาม],6.5 จงประเมินคุณภาพของคำถามและผลเฉลยที่ AI ตัวนี้สร้าง จากรูป [ความถูกต้องของคำตอบ],6.5 จงประเมินคุณภาพของคำถามและผลเฉลยที่ AI ตัวนี้สร้าง จากรูป [ความถูกต้องของคำถาม],6.5 จงประเมินคุณภาพของคำถามและผลเฉลยที่ AI ตัวนี้สร้าง จากรูป [ความสร้างสรรค์ของคำตอบ],6.5 จงประเมินคุณภาพของคำถามและผลเฉลยที่ AI ตัวนี้สร้าง จากรูป [ความสร้างสรรค์ของคำถาม],6.6  จงประเมินคุณภาพของคำถามและผลเฉลยที่ AI ตัวนี้สร้าง จากรูป [ความถูกต้องของคำตอบ],6.6  จงประเมินคุณภาพของคำถามและผลเฉลยที่ AI ตัวนี้สร้าง จากรูป [ความถูกต้องของคำถาม],6.6  จงประเมินคุณภาพของคำถามและผลเฉลยที่ AI ตัวนี้สร้าง จากรูป [ความสร้างสรรค์ของคำตอบ],6.6  จงประเมินคุณภาพของคำถามและผลเฉลยที่ AI ตัวนี้สร้าง จากรูป [ความสร้างสรรค์ของคำถาม],7.1 จงประเมินคุณภาพของคำถามและผลเฉลยที่ AI ตัวนี้สร้าง จากรูป [ความถูกต้องของคำตอบ],7.1 จงประเมินคุณภาพของคำถามและผลเฉลยที่ AI ตัวนี้สร้าง จากรูป [ความถูกต้องของคำถาม],7.1 จงประเมินคุณภาพของคำถามและผลเฉลยที่ AI ตัวนี้สร้าง จากรูป [ความสร้างสรรค์ของคำตอบ],7.1 จงประเมินคุณภาพของคำถามและผลเฉลยที่ AI ตัวนี้สร้าง จากรูป [ความสร้างสรรค์ของคำถาม],7.2 จงประเมินคุณภาพของคำถามและผลเฉลยที่ AI ตัวนี้สร้าง จากรูป [ความถูกต้องของคำตอบ],7.2 จงประเมินคุณภาพของคำถามและผลเฉลยที่ AI ตัวนี้สร้าง จากรูป [ความถูกต้องของคำถาม],7.2 จงประเมินคุณภาพของคำถามและผลเฉลยที่ AI ตัวนี้สร้าง จากรูป [ความสร้างสรรค์ของคำตอบ],7.2 จงประเมินคุณภาพของคำถามและผลเฉลยที่ AI ตัวนี้สร้าง จากรูป [ความสร้างสรรค์ของคำถาม],7.3 จงประเมินคุณภาพของคำถามและผลเฉลยที่ AI ตัวนี้สร้าง จากรูป [ความถูกต้องของคำตอบ],7.3 จงประเมินคุณภาพของคำถามและผลเฉลยที่ AI ตัวนี้สร้าง จากรูป [ความถูกต้องของคำถาม],7.3 จงประเมินคุณภาพของคำถามและผลเฉลยที่ AI ตัวนี้สร้าง จากรูป [ความสร้างสรรค์ของคำตอบ],7.3 จงประเมินคุณภาพของคำถามและผลเฉลยที่ AI ตัวนี้สร้าง จากรูป [ความสร้างสรรค์ของคำถาม],7.4 จงประเมินคุณภาพของคำถามและผลเฉลยที่ AI ตัวนี้สร้าง จากรูป [ความถูกต้องของคำตอบ],7.4 จงประเมินคุณภาพของคำถามและผลเฉลยที่ AI ตัวนี้สร้าง จากรูป [ความถูกต้องของคำถาม],7.4 จงประเมินคุณภาพของคำถามและผลเฉลยที่ AI ตัวนี้สร้าง จากรูป [ความสร้างสรรค์ของคำตอบ],7.4 จงประเมินคุณภาพของคำถามและผลเฉลยที่ AI ตัวนี้สร้าง จากรูป [ความสร้างสรรค์ของคำถาม],7.5 จงประเมินคุณภาพของคำถามและผลเฉลยที่ AI ตัวนี้สร้าง จากรูป [ความถูกต้องของคำตอบ],7.5 จงประเมินคุณภาพของคำถามและผลเฉลยที่ AI ตัวนี้สร้าง จากรูป [ความถูกต้องของคำถาม],7.5 จงประเมินคุณภาพของคำถามและผลเฉลยที่ AI ตัวนี้สร้าง จากรูป [ความสร้างสรรค์ของคำตอบ],7.5 จงประเมินคุณภาพของคำถามและผลเฉลยที่ AI ตัวนี้สร้าง จากรูป [ความสร้างสรรค์ของคำถาม],8.1 จงประเมินคุณภาพของคำถามและผลเฉลยที่ AI ตัวนี้สร้าง จากรูป [ความถูกต้องของคำตอบ],8.1 จงประเมินคุณภาพของคำถามและผลเฉลยที่ AI ตัวนี้สร้าง จากรูป [ความถูกต้องของคำถาม],8.1 จงประเมินคุณภาพของคำถามและผลเฉลยที่ AI ตัวนี้สร้าง จากรูป [ความสร้างสรรค์ของคำตอบ],8.1 จงประเมินคุณภาพของคำถามและผลเฉลยที่ AI ตัวนี้สร้าง จากรูป [ความสร้างสรรค์ของคำถาม],8.2 จงประเมินคุณภาพของคำถามและผลเฉลยที่ AI ตัวนี้สร้าง จากรูป [ความถูกต้องของคำตอบ],8.2 จงประเมินคุณภาพของคำถามและผลเฉลยที่ AI ตัวนี้สร้าง จากรูป [ความถูกต้องของคำถาม],8.2 จงประเมินคุณภาพของคำถามและผลเฉลยที่ AI ตัวนี้สร้าง จากรูป [ความสร้างสรรค์ของคำตอบ],8.2 จงประเมินคุณภาพของคำถามและผลเฉลยที่ AI ตัวนี้สร้าง จากรูป [ความสร้างสรรค์ของคำถาม],8.3 จงประเมินคุณภาพของคำถามและผลเฉลยที่ AI ตัวนี้สร้าง จากรูป [ความถูกต้องของคำตอบ],8.3 จงประเมินคุณภาพของคำถามและผลเฉลยที่ AI ตัวนี้สร้าง จากรูป [ความถูกต้องของคำถาม],8.3 จงประเมินคุณภาพของคำถามและผลเฉลยที่ AI ตัวนี้สร้าง จากรูป [ความสร้างสรรค์ของคำตอบ],8.3 จงประเมินคุณภาพของคำถามและผลเฉลยที่ AI ตัวนี้สร้าง จากรูป [ความสร้างสรรค์ของคำถาม],8.4 จงประเมินคุณภาพของคำถามและผลเฉลยที่ AI ตัวนี้สร้าง จากรูป [ความถูกต้องของคำตอบ],8.4 จงประเมินคุณภาพของคำถามและผลเฉลยที่ AI ตัวนี้สร้าง จากรูป [ความถูกต้องของคำถาม],8.4 จงประเมินคุณภาพของคำถามและผลเฉลยที่ AI ตัวนี้สร้าง จากรูป [ความสร้างสรรค์ของคำตอบ],8.4 จงประเมินคุณภาพของคำถามและผลเฉลยที่ AI ตัวนี้สร้าง จากรูป [ความสร้างสรรค์ของคำถาม],9.1 จงประเมินคุณภาพของคำถามและผลเฉลยที่ AI ตัวนี้สร้าง จากรูป [ความถูกต้องของคำตอบ],9.1 จงประเมินคุณภาพของคำถามและผลเฉลยที่ AI ตัวนี้สร้าง จากรูป [ความถูกต้องของคำถาม],9.1 จงประเมินคุณภาพของคำถามและผลเฉลยที่ AI ตัวนี้สร้าง จากรูป [ความสร้างสรรค์ของคำตอบ],9.1 จงประเมินคุณภาพของคำถามและผลเฉลยที่ AI ตัวนี้สร้าง จากรูป [ความสร้างสรรค์ของคำถาม],9.2 จงประเมินคุณภาพของคำถามและผลเฉลยที่ AI ตัวนี้สร้าง จากรูป [ความถูกต้องของคำตอบ],9.2 จงประเมินคุณภาพของคำถามและผลเฉลยที่ AI ตัวนี้สร้าง จากรูป [ความถูกต้องของคำถาม],9.2 จงประเมินคุณภาพของคำถามและผลเฉลยที่ AI ตัวนี้สร้าง จากรูป [ความสร้างสรรค์ของคำตอบ],9.2 จงประเมินคุณภาพของคำถามและผลเฉลยที่ AI ตัวนี้สร้าง จากรูป [ความสร้างสรรค์ของคำถาม],9.3 จงประเมินคุณภาพของคำถามและผลเฉลยที่ AI ตัวนี้สร้าง จากรูป [ความถูกต้องของคำตอบ],9.3 จงประเมินคุณภาพของคำถามและผลเฉลยที่ AI ตัวนี้สร้าง จากรูป [ความถูกต้องของคำถาม],9.3 จงประเมินคุณภาพของคำถามและผลเฉลยที่ AI ตัวนี้สร้าง จากรูป [ความสร้างสรรค์ของคำตอบ],9.3 จงประเมินคุณภาพของคำถามและผลเฉลยที่ AI ตัวนี้สร้าง จากรูป [ความสร้างสรรค์ของคำถาม],9.4 จงประเมินคุณภาพของคำถามและผลเฉลยที่ AI ตัวนี้สร้าง จากรูป [ความถูกต้องของคำตอบ],9.4 จงประเมินคุณภาพของคำถามและผลเฉลยที่ AI ตัวนี้สร้าง จากรูป [ความถูกต้องของคำถาม],9.4 จงประเมินคุณภาพของคำถามและผลเฉลยที่ AI ตัวนี้สร้าง จากรูป [ความสร้างสรรค์ของคำตอบ],9.4 จงประเมินคุณภาพของคำถามและผลเฉลยที่ AI ตัวนี้สร้าง จากรูป [ความสร้างสรรค์ของคำถาม],9.5 จงประเมินคุณภาพของคำถามและผลเฉลยที่ AI ตัวนี้สร้าง จากรูป [ความถูกต้องของคำตอบ],9.5 จงประเมินคุณภาพของคำถามและผลเฉลยที่ AI ตัวนี้สร้าง จากรูป [ความถูกต้องของคำถาม],9.5 จงประเมินคุณภาพของคำถามและผลเฉลยที่ AI ตัวนี้สร้าง จากรูป [ความสร้างสรรค์ของคำตอบ],9.5 จงประเมินคุณภาพของคำถามและผลเฉลยที่ AI ตัวนี้สร้าง จากรูป [ความสร้างสรรค์ของคำถาม],จงเลือกว่าอยากจะทำชุดไหน
2.กลาง,3.ดี,2.กลาง,3.ดี,1.ปรับปรุง,3.ดี,1.ปรับปรุง,2.กลาง,2.กลาง,3.ดี,2.กลาง,2.กลาง,1.ปรับปรุง,3.ดี,1.ปรับปรุง,2.กลาง,,,,,,,,,,,,,,,,,,,,,,,,,,,,,,,,,,,,,,,,,,,,,,,,,,,,,,,,,,,,,,,,,,,,,,,,,,,,,,,,,,,,,,,,,,,,,,,,,,,,,,,,,,,,,,,,,,,,,,,,,,,,,,,,,,,,,,,,,,,,,,,,,,,,,ชุดที่1
1.ปรับปรุง,3.ดี,2.กลาง,2.กลาง,1.ปรับปรุง,3.ดี,1.ปรับปรุง,2.กลาง,1.ปรับปรุง,2.กลาง,3.ดี,3.ดี,1.ปรับปรุง,2.กลาง,1.ปรับปรุง,3.ดี,,,,,,,,,,,,,,,,,,,,,,,,,,,,,,,,,,,,,,,,,,,,,,,,,,,,,,,,,,,,,,,,,,,,,,,,,,,,,,,,,,,,,,,,,,,,,,,,,,,,,,,,,,,,,,,,,,,,,,,,,,,,,,,,,,,,,,,,,,,,,,,,,,,,,ชุดที่1
1.ปรับปรุง,3.ดี,1.ปรับปรุง,3.ดี,1.ปรับปรุง,3.ดี,1.ปรับปรุง,2.กลาง,1.ปรับปรุง,1.ปรับปรุง,1.ปรับปรุง,1.ปรับปรุง,1.ปรับปรุง,3.ดี,1.ปรับปรุง,3.ดี,,,,,,,,,,,,,,,,,,,,,,,,,,,,,,,,,,,,,,,,,,,,,,,,,,,,,,,,,,,,,,,,,,,,,,,,,,,,,,,,,,,,,,,,,,,,,,,,,,,,,,,,,,,,,,,,,,,,,,,,,,,,,,,,,,,,,,,,,,,,,,,,,,,,,ชุดที่1
2.กลาง,3.ดี,2.กลาง,3.ดี,1.ปรับปรุง,3.ดี,1.ปรับปรุง,2.กลาง,2.กลาง,2.กลาง,1.ปรับปรุง,3.ดี,1.ปรับปรุง,2.กลาง,1.ปรับปรุง,2.กลาง,,,,,,,,,,,,,,,,,,,,,,,,,,,,,,,,,,,,,,,,,,,,,,,,,,,,,,,,,,,,,,,,,,,,,,,,,,,,,,,,,,,,,,,,,,,,,,,,,,,,,,,,,,,,,,,,,,,,,,,,,,,,,,,,,,,,,,,,,,,,,,,,,,,,,ชุดที่1
2.กลาง,2.กลาง,2.กลาง,3.ดี,2.กลาง,2.กลาง,1.ปรับปรุง,3.ดี,2.กลาง,2.กลาง,2.กลาง,3.ดี,2.กลาง,3.ดี,2.กลาง,2.กลาง,,,,,,,,,,,,,,,,,,,,,,,,,,,,,,,,,,,,,,,,,,,,,,,,,,,,,,,,,,,,,,,,,,,,,,,,,,,,,,,,,,,,,,,,,,,,,,,,,,,,,,,,,,,,,,,,,,,,,,,,,,,,,,,,,,,,,,,,,,,,,,,,,,,,,ชุดที่1
,,,,,,,,,,,,,,,,3.ดี,3.ดี,3.ดี,3.ดี,3.ดี,3.ดี,2.กลาง,3.ดี,3.ดี,3.ดี,3.ดี,3.ดี,3.ดี,3.ดี,3.ดี,3.ดี,,,,,,,,,,,,,,,,,,,,,,,,,,,,,,,,,,,,,,,,,,,,,,,,,,,,,,,,,,,,,,,,,,,,,,,,,,,,,,,,,,,,,,,,,,,,,,,,,,,,,,,,,,,,,,,,,,,,,,,,,,,,,,,,,,,,,ชุดที่2
,,,,,,,,,,,,,,,,1.ปรับปรุง,3.ดี,1.ปรับปรุง,2.กลาง,1.ปรับปรุง,3.ดี,1.ปรับปรุง,2.กลาง,3.ดี,3.ดี,2.กลาง,2.กลาง,3.ดี,3.ดี,2.กลาง,2.กลาง,,,,,,,,,,,,,,,,,,,,,,,,,,,,,,,,,,,,,,,,,,,,,,,,,,,,,,,,,,,,,,,,,,,,,,,,,,,,,,,,,,,,,,,,,,,,,,,,,,,,,,,,,,,,,,,,,,,,,,,,,,,,,,,,,,,,,ชุดที่2
,,,,,,,,,,,,,,,,1.ปรับปรุง,1.ปรับปรุง,2.กลาง,2.กลาง,2.กลาง,2.กลาง,2.กลาง,2.กลาง,2.กลาง,2.กลาง,2.กลาง,3.ดี,3.ดี,3.ดี,2.กลาง,2.กลาง,,,,,,,,,,,,,,,,,,,,,,,,,,,,,,,,,,,,,,,,,,,,,,,,,,,,,,,,,,,,,,,,,,,,,,,,,,,,,,,,,,,,,,,,,,,,,,,,,,,,,,,,,,,,,,,,,,,,,,,,,,,,,,,,,,,,,ชุดที่2
,,,,,,,,,,,,,,,,1.ปรับปรุง,3.ดี,1.ปรับปรุง,2.กลาง,1.ปรับปรุง,3.ดี,1.ปรับปรุง,2.กลาง,1.ปรับปรุง,3.ดี,1.ปรับปรุง,3.ดี,1.ปรับปรุง,1.ปรับปรุง,1.ปรับปรุง,1.ปรับปรุง,,,,,,,,,,,,,,,,,,,,,,,,,,,,,,,,,,,,,,,,,,,,,,,,,,,,,,,,,,,,,,,,,,,,,,,,,,,,,,,,,,,,,,,,,,,,,,,,,,,,,,,,,,,,,,,,,,,,,,,,,,,,,,,,,,,,,ชุดที่2
,,,,,,,,,,,,,,,,1.ปรับปรุง,2.กลาง,1.ปรับปรุง,2.กลาง,1.ปรับปรุง,2.กลาง,1.ปรับปรุง,2.กลาง,3.ดี,3.ดี,3.ดี,2.กลาง,1.ปรับปรุง,3.ดี,1.ปรับปรุง,3.ดี,,,,,,,,,,,,,,,,,,,,,,,,,,,,,,,,,,,,,,,,,,,,,,,,,,,,,,,,,,,,,,,,,,,,,,,,,,,,,,,,,,,,,,,,,,,,,,,,,,,,,,,,,,,,,,,,,,,,,,,,,,,,,,,,,,,,,ชุดที่2
,,,,,,,,,,,,,,,,,,,,,,,,,,,,,,,,3.ดี,3.ดี,3.ดี,3.ดี,1.ปรับปรุง,3.ดี,1.ปรับปรุง,2.กลาง,3.ดี,3.ดี,2.กลาง,2.กลาง,3.ดี,3.ดี,2.กลาง,2.กลาง,,,,,,,,,,,,,,,,,,,,,,,,,,,,,,,,,,,,,,,,,,,,,,,,,,,,,,,,,,,,,,,,,,,,,,,,,,,,,,,,,,,,,,,,,,,,,,,,,,,,,,,,,,,,,,,,,,,,,ชุดที่3
,,,,,,,,,,,,,,,,,,,,,,,,,,,,,,,,3.ดี,3.ดี,3.ดี,3.ดี,3.ดี,3.ดี,3.ดี,3.ดี,3.ดี,3.ดี,3.ดี,3.ดี,3.ดี,3.ดี,3.ดี,3.ดี,,,,,,,,,,,,,,,,,,,,,,,,,,,,,,,,,,,,,,,,,,,,,,,,,,,,,,,,,,,,,,,,,,,,,,,,,,,,,,,,,,,,,,,,,,,,,,,,,,,,,,,,,,,,,,,,,,,,,ชุดที่3
,,,,,,,,,,,,,,,,,,,,,,,,,,,,,,,,3.ดี,3.ดี,3.ดี,3.ดี,1.ปรับปรุง,2.กลาง,2.กลาง,2.กลาง,3.ดี,3.ดี,3.ดี,3.ดี,3.ดี,3.ดี,2.กลาง,2.กลาง,,,,,,,,,,,,,,,,,,,,,,,,,,,,,,,,,,,,,,,,,,,,,,,,,,,,,,,,,,,,,,,,,,,,,,,,,,,,,,,,,,,,,,,,,,,,,,,,,,,,,,,,,,,,,,,,,,,,,ชุดที่3
,,,,,,,,,,,,,,,,,,,,,,,,,,,,,,,,2.กลาง,2.กลาง,2.กลาง,2.กลาง,2.กลาง,2.กลาง,2.กลาง,2.กลาง,2.กลาง,2.กลาง,2.กลาง,2.กลาง,2.กลาง,2.กลาง,2.กลาง,2.กลาง,,,,,,,,,,,,,,,,,,,,,,,,,,,,,,,,,,,,,,,,,,,,,,,,,,,,,,,,,,,,,,,,,,,,,,,,,,,,,,,,,,,,,,,,,,,,,,,,,,,,,,,,,,,,,,,,,,,,,ชุดที่3
,,,,,,,,,,,,,,,,,,,,,,,,,,,,,,,,2.กลาง,2.กลาง,2.กลาง,3.ดี,2.กลาง,2.กลาง,2.กลาง,2.กลาง,2.กลาง,2.กลาง,2.กลาง,3.ดี,2.กลาง,2.กลาง,2.กลาง,3.ดี,,,,,,,,,,,,,,,,,,,,,,,,,,,,,,,,,,,,,,,,,,,,,,,,,,,,,,,,,,,,,,,,,,,,,,,,,,,,,,,,,,,,,,,,,,,,,,,,,,,,,,,,,,,,,,,,,,,,,ชุดที่3
,,,,,,,,,,,,,,,,,,,,,,,,,,,,,,,,2.กลาง,2.กลาง,2.กลาง,2.กลาง,1.ปรับปรุง,2.กลาง,1.ปรับปรุง,2.กลาง,2.กลาง,2.กลาง,2.กลาง,2.กลาง,2.กลาง,2.กลาง,2.กลาง,2.กลาง,,,,,,,,,,,,,,,,,,,,,,,,,,,,,,,,,,,,,,,,,,,,,,,,,,,,,,,,,,,,,,,,,,,,,,,,,,,,,,,,,,,,,,,,,,,,,,,,,,,,,,,,,,,,,,,,,,,,,ชุดที่3
,,,,,,,,,,,,,,,,,,,,,,,,,,,,,,,,,,,,,,,,,,,,,,,,2.กลาง,2.กลาง,2.กลาง,2.กลาง,2.กลาง,2.กลาง,2.กลาง,2.กลาง,2.กลาง,3.ดี,2.กลาง,3.ดี,3.ดี,3.ดี,3.ดี,3.ดี,2.กลาง,2.กลาง,2.กลาง,2.กลาง,,,,,,,,,,,,,,,,,,,,,,,,,,,,,,,,,,,,,,,,,,,,,,,,,,,,,,,,,,,,,,,,,,,,,,,,,,,,,,,,,,,,,,,,,,,,,,,,,ชุดที่4
,,,,,,,,,,,,,,,,,,,,,,,,,,,,,,,,,,,,,,,,,,,,,,,,1.ปรับปรุง,2.กลาง,1.ปรับปรุง,2.กลาง,1.ปรับปรุง,2.กลาง,1.ปรับปรุง,2.กลาง,2.กลาง,2.กลาง,2.กลาง,2.กลาง,3.ดี,2.กลาง,3.ดี,2.กลาง,3.ดี,2.กลาง,3.ดี,2.กลาง,,,,,,,,,,,,,,,,,,,,,,,,,,,,,,,,,,,,,,,,,,,,,,,,,,,,,,,,,,,,,,,,,,,,,,,,,,,,,,,,,,,,,,,,,,,,,,,,,ชุดที่4
,,,,,,,,,,,,,,,,,,,,,,,,,,,,,,,,,,,,,,,,,,,,,,,,2.กลาง,2.กลาง,1.ปรับปรุง,2.กลาง,2.กลาง,3.ดี,2.กลาง,3.ดี,2.กลาง,2.กลาง,2.กลาง,3.ดี,2.กลาง,3.ดี,2.กลาง,3.ดี,2.กลาง,3.ดี,2.กลาง,3.ดี,,,,,,,,,,,,,,,,,,,,,,,,,,,,,,,,,,,,,,,,,,,,,,,,,,,,,,,,,,,,,,,,,,,,,,,,,,,,,,,,,,,,,,,,,,,,,,,,,ชุดที่4
,,,,,,,,,,,,,,,,,,,,,,,,,,,,,,,,,,,,,,,,,,,,,,,,2.กลาง,3.ดี,1.ปรับปรุง,2.กลาง,1.ปรับปรุง,1.ปรับปรุง,2.กลาง,3.ดี,1.ปรับปรุง,1.ปรับปรุง,2.กลาง,3.ดี,1.ปรับปรุง,3.ดี,2.กลาง,3.ดี,1.ปรับปรุง,2.กลาง,2.กลาง,2.กลาง,,,,,,,,,,,,,,,,,,,,,,,,,,,,,,,,,,,,,,,,,,,,,,,,,,,,,,,,,,,,,,,,,,,,,,,,,,,,,,,,,,,,,,,,,,,,,,,,,ชุดที่4
,,,,,,,,,,,,,,,,,,,,,,,,,,,,,,,,,,,,,,,,,,,,,,,,3.ดี,3.ดี,2.กลาง,2.กลาง,2.กลาง,3.ดี,1.ปรับปรุง,3.ดี,2.กลาง,2.กลาง,1.ปรับปรุง,1.ปรับปรุง,2.กลาง,2.กลาง,1.ปรับปรุง,1.ปรับปรุง,2.กลาง,2.กลาง,1.ปรับปรุง,1.ปรับปรุง,,,,,,,,,,,,,,,,,,,,,,,,,,,,,,,,,,,,,,,,,,,,,,,,,,,,,,,,,,,,,,,,,,,,,,,,,,,,,,,,,,,,,,,,,,,,,,,,,ชุดที่4
,,,,,,,,,,,,,,,,,,,,,,,,,,,,,,,,,,,,,,,,,,,,,,,,,,,,,,,,,,,,,,,,,,,,3.ดี,3.ดี,2.กลาง,3.ดี,3.ดี,3.ดี,1.ปรับปรุง,3.ดี,3.ดี,3.ดี,3.ดี,3.ดี,3.ดี,3.ดี,2.กลาง,3.ดี,,,,,,,,,,,,,,,,,,,,,,,,,,,,,,,,,,,,,,,,,,,,,,,,,,,,,,,,,,,,,,,,,,,,,,,,,,,,,,,,,ชุดที่5
,,,,,,,,,,,,,,,,,,,,,,,,,,,,,,,,,,,,,,,,,,,,,,,,,,,,,,,,,,,,,,,,,,,,3.ดี,3.ดี,3.ดี,2.กลาง,1.ปรับปรุง,3.ดี,1.ปรับปรุง,2.กลาง,3.ดี,2.กลาง,3.ดี,1.ปรับปรุง,1.ปรับปรุง,1.ปรับปรุง,2.กลาง,1.ปรับปรุง,,,,,,,,,,,,,,,,,,,,,,,,,,,,,,,,,,,,,,,,,,,,,,,,,,,,,,,,,,,,,,,,,,,,,,,,,,,,,,,,,ชุดที่5
,,,,,,,,,,,,,,,,,,,,,,,,,,,,,,,,,,,,,,,,,,,,,,,,,,,,,,,,,,,,,,,,,,,,3.ดี,3.ดี,2.กลาง,2.กลาง,1.ปรับปรุง,2.กลาง,1.ปรับปรุง,2.กลาง,2.กลาง,2.กลาง,2.กลาง,2.กลาง,2.กลาง,2.กลาง,1.ปรับปรุง,2.กลาง,,,,,,,,,,,,,,,,,,,,,,,,,,,,,,,,,,,,,,,,,,,,,,,,,,,,,,,,,,,,,,,,,,,,,,,,,,,,,,,,,ชุดที่5
,,,,,,,,,,,,,,,,,,,,,,,,,,,,,,,,,,,,,,,,,,,,,,,,,,,,,,,,,,,,,,,,,,,,3.ดี,3.ดี,2.กลาง,2.กลาง,1.ปรับปรุง,2.กลาง,1.ปรับปรุง,2.กลาง,3.ดี,2.กลาง,2.กลาง,2.กลาง,2.กลาง,2.กลาง,2.กลาง,2.กลาง,,,,,,,,,,,,,,,,,,,,,,,,,,,,,,,,,,,,,,,,,,,,,,,,,,,,,,,,,,,,,,,,,,,,,,,,,,,,,,,,,ชุดที่5
,,,,,,,,,,,,,,,,,,,,,,,,,,,,,,,,,,,,,,,,,,,,,,,,,,,,,,,,,,,,,,,,,,,,2.กลาง,3.ดี,2.กลาง,2.กลาง,1.ปรับปรุง,2.กลาง,1.ปรับปรุง,2.กลาง,2.กลาง,3.ดี,2.กลาง,2.กลาง,1.ปรับปรุง,3.ดี,1.ปรับปรุง,3.ดี,,,,,,,,,,,,,,,,,,,,,,,,,,,,,,,,,,,,,,,,,,,,,,,,,,,,,,,,,,,,,,,,,,,,,,,,,,,,,,,,,ชุดที่5
,,,,,,,,,,,,,,,,,,,,,,,,,,,,,,,,,,,,,,,,,,,,,,,,,,,,,,,,,,,,,,,,,,,,,,,,,,,,,,,,,,,,2.กลาง,3.ดี,2.กลาง,3.ดี,2.กลาง,2.กลาง,2.กลาง,2.กลาง,1.ปรับปรุง,2.กลาง,1.ปรับปรุง,2.กลาง,2.กลาง,2.กลาง,2.กลาง,2.กลาง,1.ปรับปรุง,2.กลาง,1.ปรับปรุง,2.กลาง,3.ดี,2.กลาง,3.ดี,2.กลาง,,,,,,,,,,,,,,,,,,,,,,,,,,,,,,,,,,,,,,,,,,,,,,,,,,,,,,,,,ชุดที่6
,,,,,,,,,,,,,,,,,,,,,,,,,,,,,,,,,,,,,,,,,,,,,,,,,,,,,,,,,,,,,,,,,,,,,,,,,,,,,,,,,,,,1.ปรับปรุง,3.ดี,1.ปรับปรุง,2.กลาง,3.ดี,1.ปรับปรุง,3.ดี,2.กลาง,1.ปรับปรุง,1.ปรับปรุง,1.ปรับปรุง,1.ปรับปรุง,2.กลาง,2.กลาง,1.ปรับปรุง,1.ปรับปรุง,1.ปรับปรุง,1.ปรับปรุง,1.ปรับปรุง,1.ปรับปรุง,1.ปรับปรุง,1.ปรับปรุง,1.ปรับปรุง,1.ปรับปรุง,,,,,,,,,,,,,,,,,,,,,,,,,,,,,,,,,,,,,,,,,,,,,,,,,,,,,,,,,ชุดที่6
,,,,,,,,,,,,,,,,,,,,,,,,,,,,,,,,,,,,,,,,,,,,,,,,,,,,,,,,,,,,,,,,,,,,,,,,,,,,,,,,,,,,3.ดี,3.ดี,3.ดี,3.ดี,2.กลาง,3.ดี,2.กลาง,3.ดี,3.ดี,3.ดี,1.ปรับปรุง,3.ดี,3.ดี,3.ดี,3.ดี,3.ดี,3.ดี,3.ดี,1.ปรับปรุง,3.ดี,3.ดี,3.ดี,3.ดี,3.ดี,,,,,,,,,,,,,,,,,,,,,,,,,,,,,,,,,,,,,,,,,,,,,,,,,,,,,,,,,ชุดที่6
,,,,,,,,,,,,,,,,,,,,,,,,,,,,,,,,,,,,,,,,,,,,,,,,,,,,,,,,,,,,,,,,,,,,,,,,,,,,,,,,,,,,2.กลาง,2.กลาง,2.กลาง,2.กลาง,2.กลาง,2.กลาง,2.กลาง,2.กลาง,1.ปรับปรุง,2.กลาง,1.ปรับปรุง,2.กลาง,2.กลาง,2.กลาง,2.กลาง,2.กลาง,1.ปรับปรุง,3.ดี,1.ปรับปรุง,2.กลาง,2.กลาง,3.ดี,2.กลาง,3.ดี,,,,,,,,,,,,,,,,,,,,,,,,,,,,,,,,,,,,,,,,,,,,,,,,,,,,,,,,,ชุดที่6
,,,,,,,,,,,,,,,,,,,,,,,,,,,,,,,,,,,,,,,,,,,,,,,,,,,,,,,,,,,,,,,,,,,,,,,,,,,,,,,,,,,,3.ดี,3.ดี,2.กลาง,1.ปรับปรุง,3.ดี,2.กลาง,3.ดี,3.ดี,1.ปรับปรุง,2.กลาง,1.ปรับปรุง,1.ปรับปรุง,2.กลาง,2.กลาง,3.ดี,1.ปรับปรุง,1.ปรับปรุง,2.กลาง,1.ปรับปรุง,1.ปรับปรุง,3.ดี,2.กลาง,3.ดี,1.ปรับปรุง,,,,,,,,,,,,,,,,,,,,,,,,,,,,,,,,,,,,,,,,,,,,,,,,,,,,,,,,,ชุดที่6
,,,,,,,,,,,,,,,,,,,,,,,,,,,,,,,,,,,,,,,,,,,,,,,,,,,,,,,,,,,,,,,,,,,,,,,,,,,,,,,,,,,,,,,,,,,,,,,,,,,,,,,,,,,,3.ดี,3.ดี,3.ดี,3.ดี,3.ดี,3.ดี,3.ดี,3.ดี,1.ปรับปรุง,2.กลาง,1.ปรับปรุง,2.กลาง,1.ปรับปรุง,2.กลาง,1.ปรับปรุง,2.กลาง,2.กลาง,3.ดี,2.กลาง,2.กลาง,,,,,,,,,,,,,,,,,,,,,,,,,,,,,,,,,,,,,ชุดที่7
,,,,,,,,,,,,,,,,,,,,,,,,,,,,,,,,,,,,,,,,,,,,,,,,,,,,,,,,,,,,,,,,,,,,,,,,,,,,,,,,,,,,,,,,,,,,,,,,,,,,,,,,,,,,3.ดี,2.กลาง,3.ดี,2.กลาง,3.ดี,3.ดี,1.ปรับปรุง,2.กลาง,1.ปรับปรุง,2.กลาง,1.ปรับปรุง,1.ปรับปรุง,2.กลาง,3.ดี,2.กลาง,1.ปรับปรุง,2.กลาง,3.ดี,2.กลาง,1.ปรับปรุง,,,,,,,,,,,,,,,,,,,,,,,,,,,,,,,,,,,,,ชุดที่7
,,,,,,,,,,,,,,,,,,,,,,,,,,,,,,,,,,,,,,,,,,,,,,,,,,,,,,,,,,,,,,,,,,,,,,,,,,,,,,,,,,,,,,,,,,,,,,,,,,,,,,,,,,,,3.ดี,3.ดี,3.ดี,3.ดี,2.กลาง,2.กลาง,2.กลาง,2.กลาง,1.ปรับปรุง,3.ดี,1.ปรับปรุง,3.ดี,3.ดี,3.ดี,3.ดี,3.ดี,3.ดี,3.ดี,3.ดี,3.ดี,,,,,,,,,,,,,,,,,,,,,,,,,,,,,,,,,,,,,ชุดที่7
,,,,,,,,,,,,,,,,,,,,,,,,,,,,,,,,,,,,,,,,,,,,,,,,,,,,,,,,,,,,,,,,,,,,,,,,,,,,,,,,,,,,,,,,,,,,,,,,,,,,,,,,,,,,2.กลาง,3.ดี,2.กลาง,2.กลาง,3.ดี,3.ดี,3.ดี,3.ดี,1.ปรับปรุง,2.กลาง,1.ปรับปรุง,2.กลาง,2.กลาง,2.กลาง,2.กลาง,2.กลาง,2.กลาง,3.ดี,2.กลาง,2.กลาง,,,,,,,,,,,,,,,,,,,,,,,,,,,,,,,,,,,,,ชุดที่7
,,,,,,,,,,,,,,,,,,,,,,,,,,,,,,,,,,,,,,,,,,,,,,,,,,,,,,,,,,,,,,,,,,,,,,,,,,,,,,,,,,,,,,,,,,,,,,,,,,,,,,,,,,,,3.ดี,2.กลาง,3.ดี,1.ปรับปรุง,3.ดี,2.กลาง,3.ดี,2.กลาง,1.ปรับปรุง,2.กลาง,1.ปรับปรุง,1.ปรับปรุง,3.ดี,2.กลาง,3.ดี,2.กลาง,3.ดี,2.กลาง,3.ดี,1.ปรับปรุง,,,,,,,,,,,,,,,,,,,,,,,,,,,,,,,,,,,,,ชุดที่7
,,,,,,,,,,,,,,,,,,,,,,,,,,,,,,,,,,,,,,,,,,,,,,,,,,,,,,,,,,,,,,,,,,,,,,,,,,,,,,,,,,,,,,,,,,,,,,,,,,,,,,,,,,,,,,,,,,,,,,,,,,,,,,,,3.ดี,3.ดี,2.กลาง,2.กลาง,3.ดี,3.ดี,2.กลาง,2.กลาง,2.กลาง,2.กลาง,1.ปรับปรุง,2.กลาง,1.ปรับปรุง,2.กลาง,1.ปรับปรุง,2.กลาง,,,,,,,,,,,,,,,,,,,,,ชุดที่8
,,,,,,,,,,,,,,,,,,,,,,,,,,,,,,,,,,,,,,,,,,,,,,,,,,,,,,,,,,,,,,,,,,,,,,,,,,,,,,,,,,,,,,,,,,,,,,,,,,,,,,,,,,,,,,,,,,,,,,,,,,,,,,,,1.ปรับปรุง,1.ปรับปรุง,1.ปรับปรุง,1.ปรับปรุง,2.กลาง,2.กลาง,2.กลาง,2.กลาง,2.กลาง,2.กลาง,2.กลาง,2.กลาง,1.ปรับปรุง,2.กลาง,1.ปรับปรุง,2.กลาง,,,,,,,,,,,,,,,,,,,,,ชุดที่8
,,,,,,,,,,,,,,,,,,,,,,,,,,,,,,,,,,,,,,,,,,,,,,,,,,,,,,,,,,,,,,,,,,,,,,,,,,,,,,,,,,,,,,,,,,,,,,,,,,,,,,,,,,,,,,,,,,,,,,,,,,,,,,,,2.กลาง,2.กลาง,3.ดี,1.ปรับปรุง,2.กลาง,2.กลาง,3.ดี,1.ปรับปรุง,2.กลาง,2.กลาง,3.ดี,1.ปรับปรุง,1.ปรับปรุง,2.กลาง,1.ปรับปรุง,1.ปรับปรุง,,,,,,,,,,,,,,,,,,,,,ชุดที่8
,,,,,,,,,,,,,,,,,,,,,,,,,,,,,,,,,,,,,,,,,,,,,,,,,,,,,,,,,,,,,,,,,,,,,,,,,,,,,,,,,,,,,,,,,,,,,,,,,,,,,,,,,,,,,,,,,,,,,,,,,,,,,,,,1.ปรับปรุง,3.ดี,2.กลาง,1.ปรับปรุง,2.กลาง,3.ดี,2.กลาง,2.กลาง,3.ดี,3.ดี,3.ดี,3.ดี,1.ปรับปรุง,2.กลาง,1.ปรับปรุง,2.กลาง,,,,,,,,,,,,,,,,,,,,,ชุดที่8
,,,,,,,,,,,,,,,,,,,,,,,,,,,,,,,,,,,,,,,,,,,,,,,,,,,,,,,,,,,,,,,,,,,,,,,,,,,,,,,,,,,,,,,,,,,,,,,,,,,,,,,,,,,,,,,,,,,,,,,,,,,,,,,,1.ปรับปรุง,3.ดี,2.กลาง,3.ดี,3.ดี,3.ดี,3.ดี,3.ดี,3.ดี,3.ดี,3.ดี,3.ดี,1.ปรับปรุง,3.ดี,2.กลาง,3.ดี,,,,,,,,,,,,,,,,,,,,,ชุดที่8
,,,,,,,,,,,,,,,,,,,,,,,,,,,,,,,,,,,,,,,,,,,,,,,,,,,,,,,,,,,,,,,,,,,,,,,,,,,,,,,,,,,,,,,,,,,,,,,,,,,,,,,,,,,,,,,,,,,,,,,,,,,,,,,,,,,,,,,,,,,,,,,,2.กลาง,2.กลาง,2.กลาง,2.กลาง,2.กลาง,2.กลาง,2.กลาง,2.กลาง,2.กลาง,2.กลาง,2.กลาง,2.กลาง,3.ดี,3.ดี,3.ดี,3.ดี,2.กลาง,2.กลาง,2.กลาง,2.กลาง,ชุดที่9
,,,,,,,,,,,,,,,,,,,,,,,,,,,,,,,,,,,,,,,,,,,,,,,,,,,,,,,,,,,,,,,,,,,,,,,,,,,,,,,,,,,,,,,,,,,,,,,,,,,,,,,,,,,,,,,,,,,,,,,,,,,,,,,,,,,,,,,,,,,,,,,,1.ปรับปรุง,2.กลาง,1.ปรับปรุง,1.ปรับปรุง,2.กลาง,2.กลาง,3.ดี,3.ดี,2.กลาง,2.กลาง,3.ดี,3.ดี,2.กลาง,2.กลาง,2.กลาง,3.ดี,2.กลาง,2.กลาง,2.กลาง,1.ปรับปรุง,ชุดที่9
,,,,,,,,,,,,,,,,,,,,,,,,,,,,,,,,,,,,,,,,,,,,,,,,,,,,,,,,,,,,,,,,,,,,,,,,,,,,,,,,,,,,,,,,,,,,,,,,,,,,,,,,,,,,,,,,,,,,,,,,,,,,,,,,,,,,,,,,,,,,,,,,3.ดี,3.ดี,3.ดี,3.ดี,3.ดี,3.ดี,3.ดี,3.ดี,3.ดี,3.ดี,3.ดี,3.ดี,3.ดี,3.ดี,3.ดี,3.ดี,3.ดี,3.ดี,3.ดี,3.ดี,ชุดที่9
,,,,,,,,,,,,,,,,,,,,,,,,,,,,,,,,,,,,,,,,,,,,,,,,,,,,,,,,,,,,,,,,,,,,,,,,,,,,,,,,,,,,,,,,,,,,,,,,,,,,,,,,,,,,,,,,,,,,,,,,,,,,,,,,,,,,,,,,,,,,,,,,1.ปรับปรุง,2.กลาง,1.ปรับปรุง,1.ปรับปรุง,2.กลาง,2.กลาง,2.กลาง,2.กลาง,2.กลาง,2.กลาง,1.ปรับปรุง,2.กลาง,2.กลาง,3.ดี,2.กลาง,2.กลาง,2.กลาง,2.กลาง,3.ดี,2.กลาง,ชุดที่9
,,,,,,,,,,,,,,,,,,,,,,,,,,,,,,,,,,,,,,,,,,,,,,,,,,,,,,,,,,,,,,,,,,,,,,,,,,,,,,,,,,,,,,,,,,,,,,,,,,,,,,,,,,,,,,,,,,,,,,,,,,,,,,,,,,,,,,,,,,,,,,,,1.ปรับปรุง,3.ดี,2.กลาง,3.ดี,2.กลาง,3.ดี,2.กลาง,3.ดี,2.กลาง,3.ดี,2.กลาง,3.ดี,1.ปรับปรุง,3.ดี,2.กลาง,3.ดี,3.ดี,3.ดี,3.ดี,3.ดี,ชุดที่9
